Cédula.de.Identidad,Indique.el.Período.Académico.a.renovar,Fecha.de.Nacimiento..colocar.sólo.datos.numéricos.,Edad,Estado.Civil,Sexo,Escuela,Año.de.Ingreso.a.la.UCV,Modalidad.de.Ingreso.a.la.UCV,Semestre.que.cursa,Ha.cambiado.usted.de.dirección.,Número.de.materias.inscritas.en.el.semestre.o.año.anterior,Número.de.materias.aprobadas.en.el.semestre.o.año.anterior,Número.de.materias.retiradas.en.el.semestre.o.año.anterior,Número.de.materias.reprobadas.en.el.semestre.o.año.anterior,Promedio.ponderado.aprobado,Eficiencia,Número.de.materias.inscritas.en.el.semestre.en.curso,X.Estás.realizado.tesis...trabajo.de.grado.o.pasantías.de.grado.,Tesis...trabajo.de.grado.o.pasantías.de.grado,Procedencia,Lugar.donde.reside.mientras.estudia.en.el.Universidad,Lugar.donde.reside.mientras.estudia.en.el.Universidad,X.Contrajo.Matrimonio.,X.Ha.solicitado.algún.otro.beneficio.a.la.Universidad.u.otra.Institución.,X.Se.encuentra.usted..realizando.alguna.actividad.que.le.genere.ingresos.,Monto.mensual.de.la.beca,Aporte.mensual.que.le.brinda.su.responsable.económico,Aporte.mensual.que.recibe.de.familiares.o.amigos,Ingreso.mensual.que.recibe.por.actividades.a.destajo.o.por.horas,Ingreso.mensual.total,Alimentación,Transporte.público,Gastos.médicos,Gastos.odontológicos,Gastos.personales,Residencia.o.habitación.alquilada,Materiales.de.estudio,Recreación,Otros.gastos,Total.egresos,Carga.familiar,Ingreso.mensual.de.su.responsable.económico,Otros.ingresos,Total.de.ingresos,Vivienda,Alimentación.1,Transporte,Gastos.médicos.1,Gastos.odontológicos.,Gastos.educativos,Servicios.públicos.de.agua..luz..teléfono.y.gas,Condominio,Otros.gastos.1,Total.de.egresos,Deseamos.conocer.la.opinión.de.nuestros.usuarios..para.mejorar.la.calidad.de.los.servicios.ofrecidos.por.el.Dpto..de.Trabajo.Social.OBE
5,2014,25/11/1982,32,2,0,0,2011,1,6,0,3,3,0,0,12.523,0.8333,2,0,,0,0,0,0,0,0,1500,1200,1000,0,3700,500,400,0,0,1000,0,500,0,800,3200,4,744482,6000,750482,0,7000,2000,0,0,0,800,0,444482,454282,4
7,2015,27/09/1986,28,2,0,0,2007,1,4,0,2,1,0,1,0.6,0.6,2,0,,0,0,0,0,0,0,1500,500,500,0,2500,500,500,1000,0,0,0,2000,0,500,4500,3,2500,0,2500,0,4500,1000,3000,4000,10000,2000,400,400,25300,5
8,2014,27/02/1989,26,2,0,1,2008,1,8,0,4,1,3,0,12.739,0.8972,3,0,,0,0,0,0,0,0,1500,2000,1000,0,4500,2000,500,500,0,500,0,1000,0,0,4500,2,8000,2000,10000,1500,3000,1000,1000,0,2000,1000,0,500,10000,5
9,2015,07/07/1989,25,2,0,1,2008,4,9,0,2,2,0,0,12.726,0.9145,2,0,1,0,0,0,0,0,0,1500,400,0,0,1900,100,100,200,0,500,0,1000,0,100,2000,5,3500,1000,4500,0,2000,300,1000,200,0,700,0,350,4550,5
10,2015,10/12/1987,27,2,1,1,2005,1,9,0,5,5,0,0,11.957,0.638,2,0,1,0,0,0,0,0,0,1500,1000,0,0,2500,2700,1000,500,500,100,0,500,500,700,6500,2,19000,0,19000,0,8000,3000,3000,2000,5000,2000,1500,4000,28500,4
11,2015,19/11/1988,26,2,0,0,2012,1,5,0,4,4,0,0,13.622,1.0,3,0,,0,0,0,0,0,0,1500,1000,0,0,2500,500,400,0,0,200,0,800,0,600,2500,3,7028,5622,12650,0,6000,1000,0,0,2000,600,2000,1000,12600,5
12,2015,04/07/1988,26,2,0,1,2007,1,7,1,4,2,0,2,12.135,0.5691,4,1,,1,1,1,0,0,0,1800,800,0,0,2600,3000,3240,2500,1000,1000,0,2500,1000,500,14740,4,15186,0,15186,0,6000,12960,12000,4500,0,1500,0,3000,39960,5
14,2015,14/08/1988,26,2,0,1,2007,4,10,0,2,2,0,0,13.921,0.9272,2,0,1,1,0,0,0,1,1,1500,3000,1000,800,6300,1000,100,200,900,200,3000,600,100,200,6300,2,10257,9500,19757,0,10000,1000,2000,1200,0,1500,0,4000,19700,5
15,2015,25/01/1990,25,2,0,1,2008,4,10,0,0,0,0,0,13.097,0.8235,1,0,1,1,1,1,0,0,0,1500,500,0,0,2000,500,200,200,0,500,0,500,50,50,2000,5,5622,0,5622,0,3500,500,500,0,0,1000,0,122,5622,5
16,2014,26/12/1989,25,2,1,1,2007,1,9,0,3,3,0,0,12.532,0.8857,1,0,1,0,0,0,0,0,0,1500,0,0,0,1500,500,200,0,0,0,0,300,200,300,1500,1,3800,0,3800,0,3800,200,0,0,0,0,0,300,4300,3
17,2015,28/03/1990,25,2,1,1,2007,1,10,0,1,1,0,0,13.278,0.9589,1,0,1,0,0,0,0,0,0,1500,800,200,0,2500,1000,1000,1500,1500,600,0,500,600,800,7500,3,8500,2000,10500,0,6500,2000,2000,1500,2500,800,0,1500,16800,5
18,2014,05/02/1988,27,2,1,1,2006,1,8,0,3,2,0,1,11.984,0.6214,3,0,,1,1,1,0,0,0,1500,0,0,0,1500,3000,0,0,0,0,0,1500,0,0,4500,4,5600,0,5600,0,5000,500,0,0,0,0,0,0,5500,5
19,2015,27/04/1990,25,2,1,1,2008,1,10,0,2,2,0,0,13.179,0.9026,2,0,1,0,1,1,0,0,0,1500,500,200,200,2400,300,200,500,0,1000,0,1000,200,200,3400,3,9600,0,9600,0,5000,1000,1000,0,500,500,0,2000,10000,5
21,2014,26/12/1990,24,2,0,1,2008,4,9,0,3,3,0,0,13.021,0.8304,2,0,1,0,0,0,0,0,0,1500,1000,0,0,2500,2000,500,500,0,500,0,1500,500,200,5700,5,13682,5000,18682,0,8000,2500,1000,0,3000,700,0,1500,16700,5
22,2015,12/09/1989,24,1,0,1,2006,1,9,0,1,1,0,0,12.165,0.7809,1,0,1,0,0,0,1,0,0,1500,500,0,0,2000,800,500,500,0,800,0,500,300,200,3600,4,6000,0,6000,0,3000,1200,2000,0,3000,1000,0,1000,11200,5
23,2014,15/09/1990,24,2,0,1,2008,4,10,0,1,1,0,0,15.280,1.0,1,0,2,1,1,1,0,0,0,1500,3000,500,0,5000,1000,700,0,0,1300,0,1200,700,150,5050,2,16996,3000,19996,0,12500,2000,0,700,0,600,0,1200,17000,5
24,2015,10/09/1991,23,2,0,1,2010,4,8,0,5,5,0,0,14.845,1.0,4,0,,0,0,0,0,0,0,1500,800,0,0,2300,8000,300,800,0,1200,0,600,0,10900,21800,3,12445,3000,15445,0,10000,600,0,0,0,2000,500,2000,15100,5
25,2015,17/12/1990,24,2,0,1,2009,1,10,0,2,2,0,0,15.899,1.0,2,0,1,1,1,1,0,0,0,1000,2000,0,0,3000,1000,0,500,0,1000,0,250,1000,500,4250,2,10000,0,10000,1500,5000,500,500,0,0,1000,1000,2000,11500,4
26,2014,18/03/1989,26,1,0,1,2006,4,5,1,2,0,2,0,12.947,0.6358,1,1,,1,1,1,0,0,0,1500,2000,0,0,3500,0,400,0,1000,0,0,1000,0,300,2700,2,8000,0,8000,0,6000,400,1000,1000,0,0,0,1000,9400,5
27,2014,03/10/1990,24,2,1,1,2008,1,8,0,4,3,0,1,13.205,0.7697,4,0,,1,1,1,0,0,0,1500,1000,200,0,2700,2000,150,0,0,200,0,350,0,0,2700,5,7500,0,7500,0,5000,800,400,0,0,300,0,1000,7500,5
28,2014,16/05/1991,24,2,1,1,2010,1,8,0,4,4,0,0,11.55,0.8952,4,0,,1,1,1,0,0,0,1500,1200,0,0,2700,300,450,250,0,500,0,700,200,250,2650,3,5622,0,5622,0,3000,2000,300,0,200,100,0,0,5600,5
29,2015,26/06/1991,23,2,0,1,2009,4,6,0,5,4,0,1,12.902,0.8014,4,0,,0,0,0,0,0,0,1500,1500,0,0,3000,0,600,0,650,0,0,3000,0,0,4250,2,7000,0,7000,0,4000,2000,0,0,1000,0,0,0,7000,5
30,2015,29/01/1990,25,2,1,1,2010,1,6,0,3,3,0,0,12.537,0.8304,4,0,,0,0,0,0,0,0,1500,500,1000,0,3000,2000,500,0,0,600,0,600,0,200,3900,3,6700,0,6700,0,10000,2000,0,0,0,0,0,0,12000,5
31,2015,18/09/1990,24,2,0,1,2009,4,9,0,4,4,0,0,14.18,1.0,2,0,1,1,1,1,0,0,0,1500,3000,2500,0,7000,2000,350,500,500,750,0,1500,1000,200,6800,4,8788,8000,16788,200,7000,2000,2500,1000,0,1000,0,1500,15200,5
32,2015,05/11/1989,25,2,0,1,2008,1,7,0,4,3,0,1,13.225,0.7929,4,0,,0,0,0,0,0,0,1500,1000,0,0,2500,0,850,0,0,500,0,1500,0,150,3000,4,6529,5000,11529,0,10000,1700,2000,0,0,0,0,500,14200,4
34,2014,24/11/1989,25,2,0,0,2011,1,7,0,2,2,0,0,14.0870,0.9829,2,0,,0,0,0,0,0,0,1500,500,0,0,2000,0,300,0,300,500,0,1000,200,0,2300,1,8096,0,8096,1000,3000,300,500,0,1500,300,300,500,7400,5
36,2015,09/04/1990,25,2,0,1,2008,4,10,0,2,2,0,0,14.873,0.966,2,0,1,0,0,0,0,0,0,1500,1600,0,0,3100,400,600,300,0,400,0,450,800,120,3070,1,10000,0,10000,4000,4000,900,700,0,0,150,0,180,9930,4
37,2014,06/09/1989,25,2,1,1,2008,1,10,0,2,2,0,0,14.438,1.0,2,0,1,1,1,1,0,0,0,1500,4000,0,0,5500,3000,1840,0,0,3000,0,500,2000,1500,11840,5,23152,0,23152,0,10000,9640,0,5000,0,600,500,700,26440,4
38,2014,28/06/1991,23,2,0,1,2008,4,10,0,2,2,0,0,14.194,1.0,2,0,1,0,0,0,0,0,0,1500,3000,235,0,4735,2000,2000,3000,2000,2000,0,2500,2000,1200,16700,1,9066,0,9066,0,5000,2000,3000,0,0,2000,0,3500,15500,4
39,2014,22/03/1991,24,2,0,0,2010,1,6,1,2,2,0,0,13.266,0.9545,2,1,1,0,0,0,0,0,0,1500,4000,0,0,5500,2000,100,0,1000,500,0,500,500,200,4800,5,15000,0,15000,0,6000,0,0,0,0,500,0,500,7000,5
40,2015,21/09/1990,24,2,0,1,2008,1,10,0,2,2,0,0,14.557,1.0,2,0,2,1,1,1,0,0,0,1500,1500,0,0,3000,0,1500,0,0,0,0,500,0,0,2000,1,5622,5622,11244,0,5000,2000,0,0,0,0,500,1000,8500,5
41,2014,19/10/1991,23,2,0,1,2010,1,8,0,5,5,0,0,14.338,1.0,4,0,,0,0,0,0,0,0,1500,1000,0,0,2500,200,0,0,0,0,0,1000,0,300,1500,3,9000,0,9000,600,5000,1000,0,0,500,300,600,1000,9000,5
42,2014,23/11/1990,24,2,0,1,2008,1,8,0,5,5,0,0,13.652,0.968,5,0,,0,0,0,0,0,0,1500,1000,200,0,2700,400,100,0,0,600,0,1400,100,100,2700,5,7500,0,7500,0,4500,300,0,0,1300,600,600,300,7600,4
43,2014,18/05/1992,22,2,0,1,2011,1,7,0,4,4,0,0,13.6,1.0,4,0,,0,0,0,0,0,0,1500,500,0,0,2000,300,0,200,0,200,0,1000,0,300,2000,4,10000,5000,15000,0,8000,200,500,0,0,1000,0,1800,11500,5
44,2014,18/05/1992,22,2,0,1,2011,1,7,0,4,4,0,0,13.6,1.0,4,0,,0,0,0,0,0,0,1500,500,0,0,2000,300,0,200,0,200,0,1000,0,300,2000,4,10000,5000,15000,0,8000,200,500,0,0,1000,0,1800,11500,5
45,2014,18/05/1992,23,2,0,1,2010,1,7,0,4,4,0,0,13.666,1.0,4,0,,0,0,0,0,1,0,1500,500,0,0,2000,300,0,200,0,200,0,1000,0,300,2000,4,10000,5000,15000,0,8000,200,500,0,0,1000,0,1800,11500,5
46,2014,21/04/1990,25,2,1,1,2011,4,7,0,4,2,0,2,14.2,0.9151,5,0,,0,0,0,0,0,0,1950,600,0,0,2550,1000,1000,0,0,1500,0,2000,1500,300,7300,2,7000,0,7000,2000,5000,2000,0,0,0,500,0,1000,10500,5
47,2014,24/01/1991,24,2,1,1,2008,4,10,0,1,1,0,0,16.712,1.0,1,0,1,1,1,1,0,0,0,1500,2000,0,0,3500,500,1000,0,0,0,0,2000,0,0,3500,5,16000,0,16000,0,7000,1000,4000,1000,2000,1000,0,0,16000,5
48,2015,08/09/1990,24,2,0,1,2008,1,2,0,3,3,0,0,14.000,0.3864,4,0,,1,1,1,0,1,0,1500,1000,500,0,3000,400,400,2000,0,1000,0,1000,800,500,6100,4,1703645,2000,1705645,0,2500,700,2500,0,6000,500,0,580,12780,4
49,2015,27/05/1988,26,2,1,0,2009,1,5,0,2,2,0,0,11.174,0.6117,3,0,3,1,1,1,0,0,0,1500,2800,0,0,4300,0,0,0,0,0,0,1800,0,0,1800,2,7000,0,7000,1800,2000,2800,0,0,0,0,0,0,6600,4
51,2014,11/01/2015,24,2,0,0,2010,1,7,0,2,2,0,0,12.565,0.9829,2,0,,0,0,0,0,0,0,1500,600,500,0,2600,400,560,300,0,1000,0,300,0,0,2560,5,40000,0,40000,0,20000,1680,10000,0,0,800,0,5000,37480,5
52,2014,26/07/1991,23,2,0,1,2009,1,7,0,5,4,0,1,12.609,0.7586,4,0,,0,0,0,0,0,0,1500,1400,500,200,3600,400,2300,0,0,150,0,600,400,100,3950,3,8500,4000,12500,0,5500,3500,2000,0,0,400,0,800,12200,5
53,2015,22/02/1991,24,2,0,1,2008,1,10,0,2,2,0,0,13.675,0.9720,2,0,1,0,0,0,0,0,0,1200,2000,2000,0,5200,30000,2000,10000,0,1000,0,2000,1000,1500,47500,3,22000,5000,27000,0,30000,3000,0,0,4500,1500,350,0,39350,5
54,2015,11/07/1992,22,2,1,1,2008,4,10,0,1,1,0,0,14.906,1.0,1,0,1,1,0,0,0,0,0,1500,1500,2000,0,5000,1000,250,0,0,750,1500,500,800,200,5000,3,7977,15000,22977,0,10000,500,500,0,3000,500,0,500,15000,5
55,2015,18/04/1991,24,2,0,1,2008,4,9,1,4,4,0,0,13.654,1.0,2,1,1,1,1,1,0,0,0,1500,1500,0,0,3000,600,1300,0,0,400,0,700,0,0,3000,2,5622,0,5622,0,2000,500,1500,0,0,60,0,0,4060,5
56,2014,07/04/1990,25,2,0,0,2008,1,7,0,2,2,0,0,12.083,0.7877,2,0,,1,1,1,0,0,0,1500,700,0,0,2200,500,200,200,0,600,0,150,0,200,1850,2,5600,0,5600,0,2500,1000,0,0,0,300,500,300,4600,5
57,2014,12/12/1990,24,2,0,0,2011,1,6,0,3,3,0,0,12.066,0.9211,2,0,3,0,0,0,0,0,0,1500,800,0,0,2300,0,720,0,0,800,0,1000,500,0,3020,2,5622,0,5622,0,3000,720,0,0,0,400,3000,2000,9120,5
58,2015,11/10/1990,24,2,0,1,2010,1,7,0,4,2,0,2,12.659,0.8198,4,0,,0,0,0,0,0,0,1500,2000,0,0,3500,2500,400,1000,0,3000,0,2000,0,500,9400,3,15000,15000,30000,0,12000,2000,2000,0,3500,700,2200,1200,23600,4
59,2014,25/07/1990,24,2,0,1,2008,3,9,1,1,1,0,0,13.172,0.9026,2,1,1,1,1,1,0,0,0,1500,500,100,0,2100,100,700,0,0,200,0,500,500,200,2200,3,15000,0,15000,0,10000,1000,5000,3000,3000,1000,1000,2000,26000,4
60,2015,08/09/1992,22,2,0,1,2009,4,9,0,4,4,0,0,16.300,1.0,2,0,1,1,1,1,0,0,0,1500,2500,500,0,4500,800,800,0,500,1000,0,1000,400,0,4500,2,8000,2000,10000,0,5000,500,500,0,0,800,300,400,7500,5
61,2015,21/03/1991,24,2,0,1,2008,1,10,0,1,1,0,0,14.871,1.0,1,0,1,0,0,0,0,0,0,1500,1000,0,0,2500,800,60,100,0,300,0,500,400,500,2660,2,14827,6000,20827,0,12000,1660,4000,2000,1150,1330,2000,1800,25940,4
62,2014,20/09/1991,23,2,0,1,2010,1,6,0,3,2,0,1,12.487,0.7692,5,0,,0,0,0,0,0,0,1500,700,500,0,2700,2000,600,800,2000,1500,0,2500,500,400,10300,1,12500,0,12500,0,3500,200,900,700,0,800,2000,1000,9100,5
63,2014,20/07/1992,22,2,0,0,2010,1,7,0,2,2,0,0,12.704,0.9274,2,0,,0,0,0,0,0,0,1500,1000,0,0,2500,1200,760,0,0,140,0,400,0,0,2500,4,6850,0,6850,0,4000,600,325,0,0,490,0,1435,6850,5
65,2015,04/05/1992,23,2,0,1,2008,4,10,0,1,1,0,0,14.460,0.9720,1,0,1,0,0,0,0,0,0,1500,4000,1000,0,6500,2000,1000,0,0,0,2700,2000,0,0,7700,2,11000,0,11000,2700,5000,3000,0,2000,4000,100,0,0,16800,3
66,2015,18/12/1990,24,2,0,1,2010,1,5,0,5,3,1,1,12.986,0.7526,4,0,,0,0,0,0,0,0,1500,600,0,0,2100,400,550,0,0,200,0,900,0,0,2050,4,14000,8000,22000,0,9000,5000,2000,0,0,1600,800,1500,19900,4
67,2015,21/09/1991,23,2,0,1,2008,4,8,0,3,3,0,0,12.75,0.85,2,0,,1,0,0,0,0,0,1500,3000,0,0,4500,1700,100,0,0,300,1900,500,0,0,4500,3,9000,0,9000,0,5000,500,0,0,0,0,0,0,5500,5
68,2014,26/10/1991,23,2,1,1,2009,4,8,0,5,5,0,0,12.975,0.8963,4,0,,1,0,0,0,0,0,1500,4500,0,0,6000,1500,500,800,300,600,0,1000,800,500,6000,3,9800,6000,15800,0,4000,1000,3000,2000,1000,800,1500,2500,15800,5
69,2014,23/08/1991,23,2,0,1,2008,4,9,0,4,4,0,0,13.489,0.9456,2,0,1,0,0,0,0,0,0,1500,3000,0,0,4500,2000,300,200,0,500,0,1000,300,200,4500,3,5622,4000,9622,0,5000,100,900,0,0,600,1000,0,7600,4
70,2014,30/05/1993,21,2,0,0,2011,1,5,0,3,2,0,1,12.218,0.9143,2,0,,1,1,1,0,0,0,1500,1400,2000,0,4900,0,2420,2000,1500,2500,0,2000,0,1000,11420,3,10900,4000,14900,6000,5000,7664,4000,2000,2350,380,300,700,28394,4
71,2015,01/11/1991,23,2,0,1,2009,1,10,0,1,1,0,0,14.814,1.0,1,0,1,0,0,0,0,0,0,1500,2500,0,0,4000,1200,300,0,0,1000,0,1500,0,0,4000,3,6761,0,6761,0,3000,900,0,0,0,0,0,0,3900,5
72,2015,28/06/1993,21,2,0,1,2009,4,9,0,4,4,0,0,14.314,0.9722,2,0,1,1,0,0,0,0,0,1500,2000,1000,0,4500,1500,200,1000,0,1000,0,800,0,0,4500,4,10323,0,10323,0,6123,200,1000,1000,1000,500,0,500,10323,5
73,2015,19/10/1991,23,2,1,1,2011,1,8,0,4,4,0,0,13.0,1.0,4,0,,1,1,1,0,0,0,1500,1500,0,0,3000,1000,1000,1000,0,1000,0,1000,500,500,6000,2,30000,0,30000,0,15000,5000,2000,0,1500,3000,1000,2000,29500,5
75,2015,13/04/1993,22,2,0,1,2011,4,7,0,5,5,0,0,15.557,1.0,5,0,,1,0,0,0,0,0,1500,6000,0,0,7500,2000,300,200,0,400,3000,500,0,200,6600,5,10000,5000,15000,0,7000,400,1000,0,200,1500,500,2000,12600,5
76,2014,20/07/1991,23,2,0,1,2013,1,3,0,5,5,0,0,15.388,1.0,6,0,,0,1,1,0,0,0,1500,2500,0,0,4000,4000,400,700,600,700,0,700,500,260,7860,4,37318,0,37318,0,20000,1300,3000,600,5400,700,1900,10000,42900,5
77,2015,08/07/1994,20,2,0,1,2012,1,4,0,6,5,1,0,14.961,1.0,5,0,,0,0,0,0,0,0,1500,1500,0,0,3000,700,500,500,0,500,0,1000,500,0,3700,4,9777,5000,14777,0,5000,1500,2000,0,1500,3000,1000,1000,15000,4
78,2014,03/04/1993,22,2,0,0,2014,3,3,0,5,5,0,0,16.833,1.0,5,0,,0,0,0,0,0,0,1500,1500,0,0,3000,400,300,0,0,500,0,650,700,450,3000,1,7500,0,7500,4120,1000,100,900,0,0,400,0,300,6820,4
79,2015,10/01/1992,23,2,0,1,2010,1,7,0,4,4,0,0,14.114,1.0,4,0,,0,0,0,0,0,0,1500,1000,0,0,2500,0,0,0,0,0,0,4000,0,500,4500,2,12000,0,12000,2000,4000,2000,0,0,0,700,500,0,9200,5
80,2015,08/10/1992,22,2,0,0,2014,1,3,0,5,5,0,0,11.833,1.0,5,0,,0,0,0,0,0,0,1500,1000,0,0,2500,500,400,0,0,250,0,800,0,600,2550,3,7028,5622,12650,0,6000,1000,0,0,2000,600,2000,1000,12600,5
81,2014,13/09/1991,23,2,0,1,2010,1,7,0,4,4,0,0,13.196,0.9825,6,0,,0,0,0,0,0,0,1500,2000,1000,0,4500,1000,1000,300,0,700,0,1000,0,500,4500,2,10000,10000,20000,0,13000,3000,1000,0,0,1000,200,1500,19700,5
82,2014,13/08/1992,22,2,0,1,2011,1,7,0,4,4,0,0,14.59,1.0,5,0,,0,0,0,0,1,0,1500,0,0,1000,2500,500,0,0,0,500,0,1500,0,0,2500,2,6050,0,6050,1500,3200,500,0,0,0,800,0,0,6000,4
83,2015,24/01/1992,23,2,0,1,2009,1,8,0,5,3,0,2,12.0,0.7982,5,0,,1,1,1,0,0,0,1000,1500,3000,1000,6500,1500,300,300,0,1000,1000,3000,1000,2000,10100,2,11550,7000,18550,0,9000,1000,1000,0,3000,3000,600,2000,19600,5
84,2014,29/10/1993,21,2,0,1,2011,4,6,0,5,5,0,0,13.67,0.967,4,0,,1,0,0,0,1,0,1500,2000,0,0,3500,1500,500,0,0,0,0,1000,0,500,3500,2,5000,0,5000,0,3000,500,500,0,0,300,0,700,5000,5
85,2014,21/06/1993,21,2,1,1,2011,4,7,0,4,4,0,0,14.676,1.0,4,0,,1,1,1,0,1,0,1500,1500,0,0,3000,900,1600,0,0,0,0,500,0,0,3000,3,5622,0,5622,0,2500,1000,2000,0,0,122,0,0,5622,4
86,2014,20/02/1992,23,2,1,1,2011,4,7,0,4,4,0,0,15.877,1.0,6,0,,0,0,0,0,0,0,1500,800,0,0,2300,500,150,0,0,600,0,1000,0,50,2300,3,8000,0,8000,1500,4000,500,2000,0,0,0,0,0,8000,4
87,2015,07/06/1993,21,2,0,0,2010,1,7,0,2,2,0,0,12.9,0.9,2,0,1,0,0,0,0,0,0,1500,1000,0,0,2500,500,800,0,0,0,0,500,200,500,2500,5,5600,5000,10600,0,5000,1200,600,0,1000,1000,800,1000,10600,5
88,2014,03/04/1992,23,2,0,0,2009,1,5,1,2,2,0,0,11.604,0.76,2,1,,1,1,1,0,1,0,1500,1000,0,0,2500,500,1000,0,0,500,0,500,0,0,2500,4,4480,2000,6480,0,2000,1000,0,0,0,1000,600,1000,5600,5
89,2014,18/04/1993,22,2,0,1,2012,1,5,0,4,4,0,0,17.22,1.0,7,0,,0,0,0,0,0,0,1500,400,0,0,1900,1500,400,300,0,1000,0,1000,500,500,5200,2,7980,0,7980,0,7000,1000,1500,0,0,400,0,800,10700,5
90,2015,24/05/1991,23,2,0,1,2010,1,7,0,5,4,1,0,13.336,0.9304,4,0,,1,0,0,0,0,0,1500,500,500,0,2500,1000,600,200,0,1000,0,2000,500,300,5600,4,9100,0,9100,0,4000,1000,0,0,1000,500,0,0,6500,4
91,2014,21/11/1992,22,2,0,0,2010,1,6,0,3,3,0,0,11.158,0.6949,1,0,,1,1,1,0,0,0,1500,1000,0,0,2500,0,1500,0,0,0,0,1000,0,0,2500,4,5500,0,5500,0,5000,500,0,0,0,0,0,0,5500,4
92,2015,22/05/1993,21,2,0,1,2010,1,4,0,3,1,1,1,12.700,0.7273,4,0,,1,1,1,0,0,0,1500,1500,0,0,3000,1200,700,300,0,300,0,300,0,200,3000,5,10810,7500,18310,400,5000,1400,2450,1000,3500,750,800,3000,18300,5
93,2014,27/08/1993,21,2,0,0,2011,4,7,0,2,2,0,0,13.078,0.9829,2,0,3,1,1,1,0,0,0,1500,900,0,0,2400,700,500,0,0,100,0,1000,0,100,2400,4,8000,0,8000,800,4000,1500,0,0,650,250,400,300,7900,4
94,2014,17/08/1993,21,2,0,1,2011,4,6,0,6,5,1,0,13.227,0.8587,3,0,,1,0,0,0,0,0,1500,1500,0,0,3000,500,100,300,0,600,0,1300,200,0,3000,3,6700,0,6700,0,5000,1000,1500,0,2000,1000,0,700,11200,3
95,2014,09/11/1992,22,2,0,1,2009,1,8,0,4,4,0,0,13.222,0.9512,3,0,,0,0,0,0,0,0,1500,3000,1000,0,5500,2000,1500,1000,0,2500,0,2000,2500,355,11855,2,10000,8000,18000,0,12000,3000,0,0,2500,3500,2100,5000,28100,5
96,2015,22/02/1991,24,2,0,1,2008,3,10,0,0,0,0,0,12.947,0.9267,1,0,1,0,0,0,0,0,0,1500,600,600,0,2700,1000,500,1000,1000,500,0,1500,1000,1000,7500,4,5622,3000,8622,0,3000,1500,1000,1000,500,500,0,500,8000,4
99,2014,01/11/1990,24,2,0,1,2008,4,8,0,4,2,1,1,12.024,0.8378,4,0,,1,0,0,0,0,0,1500,4000,500,0,6000,2000,500,0,0,0,2500,700,0,300,6000,4,15000,0,15000,0,5000,500,2000,0,8000,1000,0,1000,17500,5
100,2014,27/02/1992,23,2,0,0,2010,1,7,0,2,2,0,0,13.782,0.9829,2,0,,0,0,0,0,0,0,1500,1000,0,0,2500,1400,760,0,0,0,0,150,60,130,2500,2,6560,0,6560,0,3000,460,800,0,0,800,0,1500,6560,5
102,2014,22/11/1993,21,2,0,1,2011,3,7,0,4,4,0,0,13.806,0.9623,5,0,,0,0,0,0,0,0,1950,600,0,500,3050,1000,100,0,0,1500,0,2000,1000,300,5900,5,180000,0,180000,0,10000,300,0,0,1300,4000,350,4000,19950,5
105,2014,27/03/1992,23,2,0,1,2009,1,9,0,4,4,0,0,14.157,0.9722,2,0,1,0,0,0,0,0,0,1500,1500,1000,2000,6000,1200,200,500,400,1200,0,800,1800,500,6600,3,10500,6000,16500,0,5000,800,2500,600,4000,500,1200,1200,15800,5
106,2015,06/04/1992,23,2,0,1,2010,4,7,0,5,4,0,1,13.969,0.9245,4,0,,1,1,1,0,0,0,1500,3000,0,0,4500,1500,1000,0,0,500,0,600,500,400,4500,3,16,4000,4016,0,7000,2000,3000,0,0,2000,1000,5000,20000,5
107,2015,31/05/1994,20,2,0,1,2012,1,2,0,4,1,1,2,12.128,0.6610,3,0,,0,0,0,0,0,0,1500,0,0,0,1500,400,300,0,0,0,0,800,0,0,1500,2,10630,0,10630,0,7000,600,0,0,0,1000,1000,800,10400,5
108,2015,26/03/1994,21,2,0,0,2012,1,6,0,3,3,0,0,12.381,1.0,2,0,1,1,0,0,0,0,0,1500,1000,300,0,2800,200,300,0,0,400,0,200,0,200,1300,3,10500,0,10500,0,3000,2000,2500,0,0,1000,500,1500,10500,5
109,2015,13/11/1991,23,2,1,1,2010,1,7,0,4,4,0,0,13.981,0.9640,4,0,,1,1,1,0,0,0,1500,1000,1000,0,3500,1000,1000,0,0,0,0,1000,500,120,3620,2,9668,0,9668,500,1500,1000,0,0,2000,0,900,800,6700,5
110,2015,09/07/1993,21,2,1,1,2011,1,7,0,5,5,0,0,15.688,1.0,4,0,,1,1,1,0,0,0,1500,5000,0,0,6500,2000,2500,0,0,500,0,1000,500,0,6500,2,10000,12000,22000,0,13000,4000,0,0,4000,1000,0,0,22000,5
111,2015,01/01/1994,21,2,0,1,2011,1,6,0,4,4,0,0,16.908,1.0,5,0,,1,0,0,0,0,0,1500,3500,0,0,5000,2000,500,0,0,500,0,1500,500,0,5000,2,12000,0,12000,0,6000,1000,1500,0,1500,1500,500,0,12000,5
112,2014,01/02/1993,22,2,0,1,2010,4,7,0,4,4,0,0,13.6,1.0,4,0,,1,1,1,0,1,0,1500,4000,1000,500,7000,2000,1000,500,500,1000,0,1000,1000,0,7000,3,15000,2000,17000,0,4000,2000,1000,0,2000,400,0,1000,10400,5
113,2014,05/12/1992,22,2,1,1,2012,1,5,0,4,4,0,0,13.521,0.9452,7,0,,1,1,1,0,0,0,1500,1800,0,2000,5300,1600,1400,200,0,250,0,1300,0,300,5050,2,6000,3000,9000,0,4000,200,3000,0,0,600,0,300,8100,5
115,2015,17/06/1993,21,2,0,1,2010,4,5,0,4,4,0,0,15.666,1.0,7,0,,0,0,0,0,0,0,1500,500,500,0,2500,500,0,0,0,500,0,1000,500,0,2500,4,5622,2000,7622,0,4000,500,1000,0,0,600,500,1000,7600,4
117,2015,30/06/1993,21,2,0,1,2009,4,5,0,4,4,0,0,13.5,1.0,5,0,,1,0,0,0,0,0,1500,1500,0,0,3000,700,200,100,0,200,1500,300,0,0,3000,3,5660,0,5660,0,3860,300,0,0,0,0,0,0,4160,4
118,2014,24/06/1991,23,2,0,1,2010,4,8,0,5,5,0,0,13.621,1.0,4,0,,0,0,0,0,0,0,1500,500,500,0,2500,1500,300,1000,0,600,0,3000,600,600,7600,3,3000,2000,5000,0,3000,0,3000,0,0,1000,3000,1000,11000,4
120,2014,18/08/1994,20,2,0,1,2011,1,5,0,3,3,0,0,14.423,1.0,6,0,,0,1,1,0,1,0,1500,1500,0,0,3000,1200,180,0,0,1000,0,400,0,200,2980,2,7265,5000,12265,3500,5000,300,1500,0,0,300,0,200,10800,5
121,2014,26/06/1994,20,2,0,0,2011,1,6,0,3,3,0,0,11.800,0.9722,2,0,3,1,0,0,0,0,0,1500,3000,1000,0,5500,3000,1200,0,0,2500,0,2800,1500,2000,13000,3,8656,3500,12156,0,5000,3000,0,0,800,300,150,2500,11750,3
122,2015,23/07/1993,21,2,0,0,2010,1,7,0,2,2,0,0,13.565,0.9829,2,0,,0,0,0,0,0,0,1500,1000,0,0,2500,550,200,0,0,0,0,1300,0,250,2300,2,8500,0,8500,0,2500,500,300,0,0,1000,1300,1500,7100,5
123,2014,31/05/1993,21,2,0,1,2010,4,6,0,5,5,0,0,15.7,1.0,4,0,,1,1,1,0,0,0,1500,800,0,200,2500,2000,1500,1800,1000,1500,0,3000,1000,500,12300,3,9570,4000,13570,0,5000,2000,1800,1000,2000,500,2500,800,15600,4
124,2014,14/12/1992,22,2,0,1,2013,1,4,0,5,2,1,2,11.700,0.5128,5,0,,1,0,0,0,0,0,1500,2500,1500,0,5500,1500,200,0,0,300,1500,1500,200,200,5400,3,6747,2000,8747,0,2300,0,2500,0,0,100,0,2000,6900,5
125,2014,15/08/1994,20,2,0,1,2011,4,6,0,6,6,0,0,16.337,1.0,4,0,,0,1,1,0,0,0,1500,1500,0,0,3000,900,300,0,0,500,0,1300,0,0,3000,2,6137,0,6137,0,3000,1000,0,0,1100,1000,0,0,6100,5
126,2014,27/08/1992,22,2,0,1,2012,4,5,0,5,5,0,0,15.42,0.9452,7,0,,1,1,1,0,0,0,1500,300,0,0,1800,0,300,0,0,1000,0,300,0,200,1800,4,5418,0,5418,0,3500,300,0,0,0,1000,200,150,5150,4
127,2015,15/02/1993,22,2,0,1,2011,1,6,0,5,5,0,0,13.693,0.8980,4,0,,1,1,1,0,0,0,1500,1500,0,0,3000,1000,500,0,0,0,0,800,300,0,2600,2,10000,0,10000,0,3000,500,0,0,0,1000,2500,0,7000,3
128,2015,30/10/1993,21,2,0,1,2011,4,2,0,5,3,2,0,13.5,0.8182,5,0,,0,0,0,0,1,0,1500,2000,0,0,3500,1000,500,0,700,500,0,1500,0,0,4200,4,8000,0,8000,0,3000,500,2000,0,2000,500,0,500,8500,4
129,2014,08/04/1994,21,2,0,1,2011,4,7,0,4,4,0,0,14.424,1.0,6,0,,0,0,0,0,0,0,1500,400,0,0,1900,0,250,0,0,600,0,500,200,0,1550,4,7600,5600,13200,0,10000,500,0,0,0,200,0,1100,11800,5
131,2014,26/05/1993,21,2,0,0,2010,1,6,0,3,3,0,0,12.238,0.8400,2,0,,0,0,0,0,0,1,1500,9000,0,1500,12000,0,500,0,950,1000,0,700,0,0,3150,4,9000,0,9000,0,5000,2000,0,0,0,0,0,0,7000,5
132,2014,22/01/1994,21,2,0,0,2012,1,5,0,4,4,0,0,12.0,0.9535,3,0,,0,0,0,0,0,0,1500,300,0,0,1800,3000,300,0,0,300,0,500,0,300,4400,1,2457,0,2457,0,5000,300,0,0,0,500,0,500,6300,5
133,2015,12/09/1994,20,2,0,1,2012,1,4,0,5,5,0,0,15.69,1.0,5,0,,1,1,1,0,0,0,1500,500,200,0,2200,2000,600,0,0,300,0,400,0,200,3500,4,6000,0,6000,0,4500,700,500,0,0,200,0,1500,7400,5
134,2014,06/12/1994,20,2,0,1,2012,4,5,0,5,4,0,1,12.500,0.8696,6,0,,1,1,1,0,0,0,1500,1400,0,0,2900,1500,200,0,0,500,0,700,0,0,2900,6,16043,0,16043,0,9000,2700,0,0,3000,1000,0,343,16043,4
135,2015,18/02/1993,22,2,0,1,2011,3,5,1,5,4,0,1,13.157,0.800,5,1,,1,1,1,0,0,0,1500,0,0,1500,3000,500,500,600,400,200,300,200,100,100,2900,1,2000,0,2000,0,500,500,600,400,200,100,200,100,2600,5
136,2014,01/12/1993,21,2,0,1,2012,4,5,1,5,5,0,0,14.320,0.9176,6,1,,1,0,0,0,0,0,1500,4000,1500,0,7000,1000,100,0,0,300,5000,600,0,0,7000,5,6500,3000,9500,2500,2000,200,450,0,150,350,0,300,5950,4
138,2015,01/03/1993,22,2,0,1,2009,4,6,0,5,4,0,1,11.686,0.7155,5,0,,1,0,0,0,0,1,1500,3600,2800,2000,9900,3000,500,1500,600,1500,0,2000,500,120,9720,1,6747,10000,16747,3000,8000,500,3000,600,0,600,1000,0,16700,4
142,2014,28/02/1992,23,2,0,1,2010,1,4,0,5,3,1,1,12.78,0.4842,3,0,,1,1,1,0,0,0,1500,2000,0,0,3500,0,2000,0,0,0,0,1500,0,0,3500,2,7000,0,7000,0,3000,4000,0,0,0,0,0,0,7000,5
145,2014,17/06/1993,21,2,0,0,2011,4,6,0,3,3,0,0,14.841,1.0,2,0,,1,1,1,0,0,0,1500,1000,0,0,2500,800,250,150,0,300,0,800,0,200,2500,3,425140,0,425140,0,1500,500,700,0,1000,300,0,250,4250,5
146,2015,12/04/1993,22,2,0,1,2011,1,6,0,5,5,0,0,15.49,1.0,4,0,,0,0,0,0,0,0,1500,4000,200,0,5700,900,500,500,500,1000,0,2000,500,200,6100,2,8773759,2000,8775759,0,5000,1000,0,500,2000,500,500,1000,10500,5
147,2014,29/10/1992,22,2,0,0,2010,4,7,0,2,2,0,0,12.63,0.92,2,0,,1,0,0,0,0,0,1500,2000,0,0,3500,1500,1000,0,0,500,0,700,500,300,4500,3,9680,0,9680,0,4000,2000,3000,0,0,1000,0,2500,12500,5
148,2014,19/07/1993,21,2,0,1,2011,1,7,0,4,4,0,0,14.8,1.0,4,0,,1,1,1,0,0,0,1500,2000,0,0,3500,1000,500,0,0,500,0,1500,0,0,3500,2,15060,0,15060,0,8000,800,1500,0,0,1000,0,3000,14300,4
149,2015,04/09/1992,23,2,0,0,2010,1,7,0,2,2,0,0,12.130,0.8156,2,0,,0,0,0,0,0,0,1500,1000,0,0,2500,1000,1000,800,1000,800,0,1000,0,160,5760,4,6200,1500,7700,0,36000,1000,800,1000,0,200,0,300,39300,5
151,2014,07/12/1993,21,2,1,1,2011,4,5,0,4,4,0,0,15.18,1.0,7,0,,1,0,0,0,0,0,1500,3500,0,0,5000,1500,250,0,0,0,3000,250,0,0,5000,2,15000,0,15000,0,8000,1000,2000,0,2000,1000,0,1000,15000,4
153,2014,04/02/1994,21,2,0,1,2011,4,7,0,5,5,0,0,16.461,1.0,5,0,,1,0,0,0,0,0,1500,2000,500,0,4000,1000,300,0,0,500,0,1200,600,200,3800,5,10500,2000,12500,0,7000,600,1500,0,0,800,0,800,10700,5
154,2015,20/02/1994,21,2,1,1,2011,1,5,0,4,4,0,0,15.101,1.0,7,0,,1,1,1,0,0,0,1500,1300,0,0,2800,600,1000,0,0,200,0,1000,0,0,2800,5,22600,0,22600,153,8000,2000,3500,1000,975,500,100,500,16728,4
155,2015,23/06/1994,20,2,0,0,2012,1,5,0,4,4,0,0,15.463,1.0,3,0,,0,1,1,0,0,0,1500,500,0,0,2000,500,150,0,0,150,0,1200,0,0,2000,3,19400,0,19400,3000,4400,500,0,0,10000,1000,0,500,19400,5
156,2015,07/04/1994,21,2,0,0,2012,4,5,0,4,4,0,0,14.634,1.0,3,0,,0,0,0,0,0,0,1500,1000,0,0,2500,400,500,0,0,0,0,1600,0,0,2500,3,5247,5622,10869,0,7400,1000,1000,0,469,300,0,700,10869,5
157,2014,09/05/1993,21,2,0,0,2010,1,7,0,2,2,0,0,12.0,0.98,2,0,,0,0,0,0,0,0,1500,1000,0,0,2500,0,400,0,0,800,0,800,500,0,2500,4,5300,0,5300,800,3000,400,0,0,0,600,500,0,5300,4
158,2014,14/12/1993,21,2,0,1,2012,4,6,0,5,5,0,0,16.582,1.0,4,0,,1,1,1,0,0,0,1500,500,0,300,2300,450,200,200,0,500,0,600,300,50,2300,1,8000,1000,9000,0,3500,1000,1200,1000,0,200,700,400,8000,5
159,2014,17/11/1993,21,2,0,0,2012,1,5,0,4,4,0,0,15.73,1.0,3,0,,0,0,0,0,0,0,1500,1200,0,0,2700,1500,250,100,0,400,0,350,100,0,2700,2,5175,4000,9175,0,3800,1400,1000,0,600,700,0,400,7900,4
160,2015,24/05/1994,20,2,0,1,2011,4,5,0,5,5,0,0,16.533,1.0,6,0,,1,1,1,0,0,0,1500,2000,0,0,3500,850,1400,400,0,0,0,600,0,250,3500,3,10000,0,10000,680,3000,3200,1400,720,0,300,400,300,10000,5
161,2014,18/09/1995,19,2,0,1,2013,4,4,0,5,5,0,0,15.673,1.0,5,0,,0,0,0,0,0,0,1500,1000,1000,0,3500,2000,500,0,0,300,0,300,0,0,3100,2,9443,4400,13843,0,4000,1000,5000,0,0,0,600,0,10600,4
162,2014,08/11/1995,19,2,0,0,2012,4,5,0,4,4,0,0,14.375,1.0,3,0,,0,0,0,0,0,0,1500,400,0,0,1900,0,800,0,0,400,0,600,0,0,1800,4,13143,0,13143,0,5000,1600,0,0,0,1000,1800,3743,13143,4
163,2015,09/02/1994,21,2,0,1,2011,4,6,0,5,4,0,1,13.082,0.876,5,0,,1,0,0,0,0,0,1500,0,2000,400,3900,800,72,0,700,500,0,1000,300,200,3572,3,5622,2000,7622,121,7000,100,300,0,0,547,0,0,8068,5
164,2015,01/11/1995,19,2,0,1,2013,4,4,0,5,5,0,0,13.211,1.0,6,0,,1,0,0,0,0,0,1500,7000,0,0,8500,1000,150,0,0,0,5000,500,350,0,7000,4,7381,0,7381,0,3000,0,0,0,0,0,0,4000,7000,5
165,2015,27/10/1995,19,2,0,0,2014,4,3,0,5,5,0,0,13.805,1.0,5,0,2,0,0,0,0,0,0,1500,1000,500,0,3000,0,500,0,0,0,0,2000,0,500,3000,3,8400,5000,13400,2000,4000,1000,4000,0,1300,700,800,0,13800,5
166,2014,25/09/1994,20,2,0,1,2012,1,4,0,6,6,0,0,15.272,1.0,6,0,,0,0,0,0,0,0,1500,1000,0,0,2500,0,400,0,800,1000,0,300,300,200,3000,2,9828,0,9828,0,6000,1000,0,1000,0,1200,0,900,10100,5
168,2015,20/05/1994,20,2,0,1,2012,4,4,0,5,5,0,0,15.923,1.0,5,0,,1,1,1,0,0,0,1500,4000,0,0,5500,0,2200,900,0,800,0,1600,0,0,5500,3,5622,5100,10722,0,4500,500,4000,0,1030,292,400,0,10722,5
172,2015,21/09/1994,20,2,0,0,2011,1,3,0,3,3,0,0,11.763,0.8261,5,0,2,0,0,0,0,0,0,1500,500,500,800,3300,1000,544,900,0,500,0,2000,900,2160,8004,5,14810,9000,23810,0,10600,1124,6700,0,200,1690,0,1431,21745,5
173,2015,15/08/1996,18,2,0,1,2013,1,3,0,5,1,0,4,12.700,0.5556,4,0,,0,0,0,0,0,0,1500,400,0,0,1900,0,400,0,300,400,0,400,0,300,1800,3,8866,0,8866,0,3000,1000,900,1000,1000,1000,500,370,8770,3
174,2015,21/10/1995,19,2,0,1,2014,1,2,0,4,4,0,0,13.458,0.889,6,0,,0,0,0,0,0,0,1500,2500,0,0,4000,1500,500,600,0,1000,0,1000,600,300,5500,4,13414,6000,19414,200,12000,2000,1500,0,1500,800,0,2500,20500,4
175,2015,14/09/1995,19,2,0,0,2013,1,3,0,5,5,0,0,13.333,1.0,4,0,3,0,0,0,0,0,0,1500,2000,0,0,3500,0,800,0,0,0,0,1000,1000,0,2800,1,6800,3000,9800,0,4000,1300,1500,0,0,500,0,0,7300,5
176,2015,16/09/1996,18,2,0,1,2013,1,1,0,5,2,0,3,12.7,0.3571,3,0,,1,1,1,0,1,0,1500,1000,0,0,2500,2000,500,0,0,0,0,1500,0,0,4000,4,5909,2000,7909,0,3000,1000,2000,0,1000,500,0,500,8000,4
177,2014,11/10/1996,18,2,1,1,2014,4,2,0,5,5,0,0,16.600,1.0,5,0,,1,0,0,0,0,0,1500,4000,4000,0,9500,3000,400,2000,1200,1300,6500,2070,400,760,17630,2,12054,10000,22054,1700,4500,300,2000,0,0,700,250,1800,11250,5
178,2014,17/06/1996,18,2,0,0,2014,3,2,0,5,2,0,3,12.352,0.5313,5,0,,0,0,0,0,0,0,1500,1000,0,0,2500,1000,80,0,0,420,0,1000,0,0,2500,1,13500,17879,31379,2000,10000,800,700,0,0,1512,3500,0,18512,3
179,2015,24/10/1996,18,2,1,1,2014,3,3,0,4,4,0,0,13.936,1.0,4,0,,0,0,0,0,0,0,1500,1200,500,0,3200,400,500,300,1200,1000,0,2000,450,250,6100,4,8138,0,8138,0,7000,1200,2190,1500,4000,300,200,0,16390,5
182,2015,20/03/1996,19,2,0,1,2014,4,3,0,4,4,0,0,14.750,1.0,5,0,,0,0,0,0,0,0,1500,2000,0,0,3500,1500,300,0,0,600,0,150,0,100,2650,4,13871,5622,19493,0,16000,1000,0,0,0,1000,0,6000,24000,5
183,2014,03/07/1995,19,2,0,1,2012,1,4,0,6,6,0,0,14.581,1.0,6,0,,0,0,0,0,0,0,1500,600,0,0,2100,1000,100,500,0,600,0,500,0,0,2700,3,8100,0,8100,0,12000,500,2000,0,0,500,450,400,15850,5
184,2015,12/05/1995,19,2,0,0,2013,4,4,0,5,5,0,0,13.413,1.0,4,0,,1,0,0,0,0,0,1500,1500,0,0,3000,500,200,500,0,500,3000,1000,0,80,5780,1,5650,0,5650,1000,500,200,2000,0,0,0,0,100,3800,4
186,2014,30/03/1995,20,2,0,0,2012,4,5,0,4,4,0,0,14.597,1.0,3,0,,0,0,0,0,0,0,1500,1300,0,0,2800,1600,300,100,0,350,0,350,100,0,2800,3,6537,3400,9937,0,6000,1100,450,0,0,400,200,487,8637,4
187,2014,29/08/1996,18,2,0,0,2014,4,3,1,5,5,0,0,15.0,1.0,5,1,,1,1,1,0,0,0,1500,0,2000,0,3500,0,1320,0,0,300,0,300,0,250,2170,1,0,3000,3000,0,2500,200,0,0,0,300,0,0,3000,5
188,2015,02/08/1996,18,2,0,1,2014,4,2,0,5,3,0,2,11.4,0.3845,4,0,,1,0,0,0,0,0,1500,3000,5000,0,9500,1000,500,1000,500,0,5000,1500,0,0,9500,3,7,0,7,0,2000,1000,2500,0,600,650,0,1000,7750,3
189,2014,19/10/1994,20,2,0,1,2012,4,6,0,7,7,0,0,14.314,0.9674,4,0,,0,0,0,0,0,0,1500,1000,0,0,2500,500,600,0,0,500,0,500,200,200,2500,3,6126,0,6126,0,3000,1200,1000,0,0,500,0,400,6100,5
190,2014,07/01/1991,24,2,1,1,2012,1,5,0,4,4,0,0,16.449,1.0,7,0,,1,1,1,0,0,0,1500,2000,200,0,3700,1500,2300,0,0,0,0,700,110,200,4810,4,14000,6000,20000,0,10000,3000,3000,0,500,2000,300,800,19600,5
